<?xml version="1.0"?>

<root>
	<structure>
		<name>News</name>
		<description></description>
		<definition>
			<![CDATA[
				{
					"availableLanguageIds": [
						"en_US"
					],
					"defaultLanguageId": "en_US",
					"fields": [
						{
							"dataType": "string",
							"indexType": "keyword",
							"label": {
								"en_US": "Title"
							},
							"localizable": true,
							"name": "title",
							"predefinedValue": {
								"en_US": ""
							},
							"readOnly": false,
							"repeatable": false,
							"required": false,
							"showLabel": true,
							"tip": {
								"en_US": ""
							},
							"type": "text"
						},
                        {
							"dataType": "string",
							"indexType": "keyword",
							"label": {
								"en_US": "Body"
							},
							"localizable": true,
							"name": "body",
							"predefinedValue": {
								"en_US": ""
							},
							"readOnly": false,
							"repeatable": false,
							"required": false,
							"showLabel": true,
							"tip": {
								"en_US": ""
							},
							"type": "rich_text"
						},

                        {
							"dataType": "image",
							"indexType": "keyword",
							"label": {
								"en_US": "Image"
							},
							"localizable": true,
							"name": "image",
							"predefinedValue": {
								"en_US": ""
							},
							"readOnly": false,
							"repeatable": false,
							"required": false,
							"showLabel": true,
							"tip": {
								"en_US": ""
							},
							"type": "image"
						}
					],
					"successPage": {
						"body": {
						},
						"enabled": false,
						"title": {
						}
					}
				}
			]]>
		</definition>
		<layout>
			<![CDATA[
				{
					"defaultLanguageId": "[$LOCALE_DEFAULT$]",
					"pages": [
						{
							"rows": [
								{
									"columns": [
										{
											"fieldNames": [
												"title"
											],
											"size": 12
										}
									]
								},
								{
									"columns": [
										{
											"fieldNames": [
												"body"
											],
											"size": 12
										}
									]
								},
                                {
									"columns": [
										{
											"fieldNames": [
												"image"
											],
											"size": 12
										}
									]
								}
							],
							"title": {
								"[$LOCALE_DEFAULT$]": "News"
							}
						}
					]
				}
			]]>
		</layout>
	</structure>
</root>