{
	"pageElement": {
		"pageElements": [
			{
				"definition": {
					"backgroundColor": "",
					"backgroundFragmentImage": {
					},
					"fragmentStyle": {
						"backgroundColor": "",
						"backgroundFragmentImage": {
						},
						"borderRadius": "",
						"borderWidth": "0",
						"fontFamily": "",
						"fontSize": "",
						"fontWeight": "",
						"height": "",
						"marginBottom": "",
						"marginLeft": "",
						"marginRight": "",
						"marginTop": "0",
						"maxHeight": "",
						"maxWidth": "",
						"minHeight": "",
						"minWidth": "",
						"opacity": "100",
						"overflow": "",
						"paddingBottom": "6",
						"paddingLeft": "0",
						"paddingRight": "0",
						"paddingTop": "6",
						"shadow": "",
						"textAlign": "",
						"width": ""
					},
					"fragmentViewports": [
						{
							"fragmentViewportStyle": {
								"paddingBottom": "5",
								"paddingTop": "5"
							},
							"id": "landscapeMobile"
						},
						{
							"fragmentViewportStyle": {
								"marginTop": "0",
								"paddingBottom": "5",
								"paddingTop": "5"
							},
							"id": "portraitMobile"
						},
						{
							"fragmentViewportStyle": {
								"marginTop": "0",
								"paddingBottom": "6",
								"paddingTop": "6"
							},
							"id": "tablet"
						}
					],
					"layout": {
						"borderWidth": 0,
						"marginBottom": 0,
						"marginLeft": 0,
						"marginRight": 0,
						"marginTop": 0,
						"opacity": 100,
						"paddingBottom": 6,
						"paddingLeft": 0,
						"paddingRight": 0,
						"paddingTop": 6,
						"widthType": "Fluid"
					}
				},
				"pageElements": [
					{
						"definition": {
							"fragmentStyle": {
								"backgroundColor": "",
								"borderRadius": "",
								"borderWidth": "0",
								"marginBottom": "",
								"marginLeft": "",
								"marginRight": "",
								"marginTop": "",
								"paddingBottom": "",
								"paddingLeft": "2",
								"paddingRight": "2",
								"paddingTop": "",
								"shadow": "",
								"textAlign": ""
							},
							"fragmentViewports": [
								{
									"fragmentViewportStyle": {
										"paddingLeft": "3"
									},
									"id": "landscapeMobile"
								},
								{
									"fragmentViewportStyle": {
										"paddingLeft": "4",
										"paddingRight": "4"
									},
									"id": "portraitMobile"
								},
								{
									"fragmentViewportStyle": {
										"marginLeft": "0",
										"marginRight": "0",
										"paddingLeft": "3",
										"paddingRight": "3"
									},
									"id": "tablet"
								}
							],
							"indexed": true,
							"layout": {
								"borderWidth": 0,
								"opacity": 100,
								"paddingLeft": 0,
								"paddingRight": 0,
								"widthType": "Fixed"
							}
						},
						"pageElements": [
							{
								"definition": {
									"fragmentStyle": {
										"borderRadius": "",
										"borderWidth": "0",
										"marginBottom": "",
										"marginLeft": "",
										"marginRight": "",
										"marginTop": "",
										"paddingBottom": "",
										"paddingRight": "",
										"paddingTop": "",
										"shadow": "",
										"textAlign": ""
									},
									"fragmentViewports": [
										{
											"fragmentViewportStyle": {
												"paddingLeft": "0",
												"paddingRight": "0"
											},
											"id": "tablet"
										}
									],
									"gutters": true,
									"indexed": true,
									"modulesPerRow": 2,
									"numberOfColumns": 2,
									"reverseOrder": false,
									"rowViewports": [
										{
											"id": "landscapeMobile",
											"rowViewportDefinition": {}
										},
										{
											"id": "portraitMobile",
											"rowViewportDefinition": {}
										},
										{
											"id": "tablet",
											"rowViewportDefinition": {
												"modulesPerRow": 1,
												"reverseOrder": true
											}
										}
									],
									"verticalAlignment": "middle"
								},
								"pageElements": [
									{
										"definition": {
											"columnViewports": [
												{
													"columnViewportDefinition": {},
													"id": "landscapeMobile"
												},
												{
													"columnViewportDefinition": {},
													"id": "portraitMobile"
												},
												{
													"columnViewportDefinition": {
														"size": 12
													},
													"id": "tablet"
												}
											],
											"size": 5
										},
										"pageElements": [
											{
												"definition": {
													"fragment": {
														"key": "BASIC_COMPONENT-heading"
													},
													"fragmentConfig": {
														"headingLevel": "h1"
													},
													"fragmentFields": [
														{
															"id": "element-text",
															"value": {
																"fragmentLink": {},
																"text": {
																	"value_i18n": {
																		"en_US": "Welcome to FootRay"
																	}
																}
															}
														}
													],
													"fragmentStyle": {
														"borderRadius": "",
														"borderWidth": "0",
														"marginBottom": "3",
														"marginLeft": "",
														"marginRight": "",
														"paddingBottom": "",
														"paddingLeft": "",
														"paddingRight": "",
														"paddingTop": "",
														"shadow": "",
														"textAlign": "center",
														"textColor": "colorNeutral9"
													},
													"fragmentViewports": [
														{
															"fragmentViewportStyle": {
																"marginTop": "2"
															},
															"id": "portraitMobile"
														},
														{
															"fragmentViewportStyle": {
																"marginBottom": "3"
															},
															"id": "tablet"
														}
													],
													"indexed": true
												},
												"type": "Fragment"
											},
											{
												"definition": {
													"fragment": {
														"key": "BASIC_COMPONENT-image"
													},
													"fragmentConfig": {
														"imageSize": "w-0"
													},
													"fragmentFields": [
														{
															"id": "image-square",
															"value": {
																"fragmentImage": {
																	"url": {
																		"mapping": {
																			"fieldKey": "FileEntry_fileURL",
																			"itemReference": {
																				"className": "com.liferay.portal.kernel.repository.model.FileEntry",
																				"classPK": "[$DOCUMENT_FILE_ENTRY_ID:/site-initializer/documents/group/2022_FIFA_World_Cup_logo.png$]"
																			}
																		}
																	}
																},
																"fragmentLink": {}
															}
														}
													],
													"fragmentStyle": {
														"textAlign": "center"
													},
													"indexed": true
												},
												"type": "Fragment"
											}
										],
										"type": "Column"
									},
									{
										"definition": {
											"columnViewports": [
												{
													"columnViewportDefinition": {},
													"id": "landscapeMobile"
												},
												{
													"columnViewportDefinition": {},
													"id": "portraitMobile"
												},
												{
													"columnViewportDefinition": {
														"size": 12
													},
													"id": "tablet"
												}
											],
											"size": 7
										},
										"pageElements": [
											{
												"definition": {
													"fragment": {
														"key": "BASIC_COMPONENT-image"
													},
													"fragmentConfig": {
														"imageSize": "w-0"
													},
													"fragmentFields": [
														{
															"id": "image-square",
															"value": {
																"fragmentImage": {
																	"url": {
																		"mapping": {
																			"fieldKey": "FileEntry_fileURL",
																			"itemReference": {
																				"className": "com.liferay.portal.kernel.repository.model.FileEntry",
																				"classPK": "[$DOCUMENT_FILE_ENTRY_ID:/site-initializer/documents/group/ray.png$]"
																			}
																		}
																	}
																},
																"fragmentLink": {}
															}
														}
													],
													"fragmentStyle": {
														"borderRadius": "",
														"borderWidth": "0",
														"marginBottom": "",
														"marginRight": "",
														"marginTop": "",
														"paddingBottom": "",
														"paddingLeft": "",
														"paddingRight": "",
														"paddingTop": "",
														"shadow": "",
														"textAlign": "center"
													},
													"fragmentViewports": [
														{
															"fragmentViewportStyle": {
																"marginBottom": "5"
															},
															"id": "landscapeMobile"
														},
														{
															"fragmentViewportStyle": {
																"marginBottom": "4"
															},
															"id": "portraitMobile"
														},
														{
															"fragmentViewportStyle": {
																"marginBottom": "5",
																"marginLeft": "0",
																"marginRight": "0"
															},
															"id": "tablet"
														}
													],
													"indexed": true
												},
												"type": "Fragment"
											}
										],
										"type": "Column"
									}
								],
								"type": "Row"
							}
						],
						"type": "Section"
					}
				],
				"type": "Section"
			}
		],
		"type": "Root"
	}
}