<?xml version="1.0"?>

<root available-locales="en_US" default-locale="en_US">
	<dynamic-element index-type="keyword" instance-id="viretmub" name="title" type="text">
		<dynamic-content language-id="en_US"><![CDATA[Brazil start successful search for sixth star]]></dynamic-content>
	</dynamic-element>
    <dynamic-element index-type="keyword" instance-id="viretmub" name="body" type="text">
		<dynamic-content language-id="en_US"><![CDATA[Two goals from Richarlison, one an acrobatic effort that flew into the net, saw Tite's side earn three points against Serbia, as the first round of group games concluded at Lusail Stadium.]]></dynamic-content>
	</dynamic-element>
	<dynamic-element index-type="keyword" instance-id="viretmub" name="image" type="image">
		<dynamic-content language-id="en_US"><![CDATA[[$DOCUMENT_JSON:/site-initializer/documents/group/news_01.png$]]]></dynamic-content>
	</dynamic-element>
    
</root>