{
  "com.liferay.site.initializer.extender.internal.configuration.SiteInitializerConfiguration~liferay-site-initializer" : {
    "baseURL" : "${portalURL}/o/footray-site-initializer",
    "description" : "",
    "dxp.lxc.liferay.com.virtualInstanceId" : "default",
    "name" : "",
    "projectName" : "footray-site-initializer",
    "properties" : [ ],
    "siteTemplateName" : "Footray Client Extension",
    "sourceCodeURL" : "",
    "type" : "siteInitializer",
    "typeSettings" : [ "siteTemplateName=Footray Client Extension" ],
    "webContextPath" : "/footray-site-initializer"
  },
  ":configurator:policy" : "force"
}